{"stats":{"minecraft:dropped":{"minecraft:crimson_planks":4,"minecraft:gravel":1,"minecraft:warped_stem":2,"minecraft:piston":1,"minecraft:warped_nylium":3,"minecraft:diamond_block":4,"minecraft:diamond":2105,"minecraft:lime_shulker_box":11,"minecraft:dark_oak_sapling":3,"minecraft:cobblestone":4,"minecraft:granite":4,"minecraft:bedrock":3,"minecraft:orange_wool":2,"minecraft:shulker_box":2,"minecraft:brown_shulker_box":1,"minecraft:stick":1,"minecraft:gold_block":1,"minecraft:red_shulker_box":1,"minecraft:stripped_crimson_stem":2,"minecraft:nether_gold_ore":4,"minecraft:spruce_trapdoor":1,"minecraft:spruce_planks":2,"minecraft:coal_ore":3,"minecraft:white_concrete":14,"minecraft:spruce_log":2,"minecraft:iron_ore":1,"minecraft:sand":3,"minecraft:blue_orchid":2,"minecraft:birch_log":4,"minecraft:written_book":92,"minecraft:white_stained_glass":11,"minecraft:polished_granite":3,"minecraft:acacia_planks":2,"minecraft:light_blue_shulker_box":1},"minecraft:custom":{"minecraft:interact_with_furnace":2,"minecraft:inspect_dropper":498,"minecraft:interact_with_anvil":5,"minecraft:inspect_hopper":424,"minecraft:interact_with_crafting_table":1,"minecraft:tune_noteblock":18,"minecraft:open_barrel":139,"minecraft:fill_cauldron":1,"minecraft:play_one_minute":4217691,"minecraft:open_shulker_box":28,"minecraft:leave_game":2,"minecraft:time_since_death":4217691,"minecraft:time_since_rest":4217691,"minecraft:sprint_one_cm":8290,"minecraft:walk_one_cm":55857,"minecraft:drop":208,"minecraft:fly_one_cm":2725309,"minecraft:open_chest":117,"minecraft:crouch_one_cm":21986,"minecraft:sneak_time":76267,"minecraft:walk_under_water_one_cm":2906,"minecraft:jump":553,"minecraft:walk_on_water_one_cm":993,"minecraft:inspect_dispenser":349},"minecraft:mined":{"minecraft:white_carpet":1},"minecraft:picked_up":{"minecraft:repeater":20,"minecraft:light_gray_shulker_box":1,"minecraft:redstone_lamp":1,"minecraft:white_carpet":1,"minecraft:podzol":2,"minecraft:white_stained_glass":894,"minecraft:pink_shulker_box":1,"minecraft:activator_rail":9,"minecraft:black_shulker_box":4,"minecraft:comparator":7,"minecraft:netherite_sword":2,"minecraft:spruce_planks":2,"minecraft:redstone_torch":6,"minecraft:iron_ore":1,"minecraft:written_book":1788,"minecraft:powered_rail":4,"minecraft:spruce_trapdoor":1,"minecraft:lime_shulker_box":1,"minecraft:stick":7,"minecraft:orange_shulker_box":1,"minecraft:spruce_stairs":1,"minecraft:light_blue_shulker_box":2,"minecraft:stone_button":3,"minecraft:redstone":53,"minecraft:barrel":2,"minecraft:gray_shulker_box":2,"minecraft:shulker_box":28,"minecraft:brown_carpet":10,"minecraft:red_shulker_box":1,"minecraft:diamond":383,"minecraft:lever":30,"minecraft:bone_meal":3,"minecraft:spruce_sign":3,"minecraft:white_concrete":67,"minecraft:white_shulker_box":4},"minecraft:used":{"minecraft:oak_fence":4,"minecraft:oak_trapdoor":1,"minecraft:end_rod":1,"minecraft:water_bucket":8,"minecraft:light_blue_shulker_box":1,"minecraft:writable_book":1,"minecraft:iron_bars":18,"minecraft:dropper":109,"minecraft:spruce_door":1,"minecraft:flint_and_steel":2,"minecraft:smooth_quartz_slab":8,"minecraft:spruce_slab":9,"minecraft:powered_rail":18,"minecraft:yellow_shulker_box":3,"minecraft:dispenser":44,"minecraft:redstone":488,"minecraft:chest":41,"minecraft:spruce_planks":180,"minecraft:cauldron":1,"minecraft:stone":28,"minecraft:black_shulker_box":3,"minecraft:composter":32,"minecraft:redstone_block":156,"minecraft:white_shulker_box":4,"minecraft:spruce_sign":18,"minecraft:quartz_stairs":4,"minecraft:light_gray_shulker_box":1,"minecraft:oak_leaves":83,"minecraft:respawn_anchor":43,"minecraft:polished_blackstone_pressure_plate":1,"minecraft:anvil":5,"minecraft:soul_sand":17,"minecraft:rail":10,"minecraft:sand":3,"minecraft:target":41,"minecraft:comparator":122,"minecraft:hopper":190,"minecraft:white_carpet":8,"minecraft:tnt":113,"minecraft:crafting_table":1,"minecraft:birch_sign":9,"minecraft:spruce_stairs":63,"minecraft:blue_ice":18,"minecraft:shulker_box":15,"minecraft:sponge":5,"minecraft:note_block":30,"minecraft:stone_brick_wall":3,"minecraft:jungle_trapdoor":14,"minecraft:spruce_log":5,"minecraft:oak_fence_gate":6,"minecraft:stripped_spruce_log":51,"minecraft:piston":242,"minecraft:birch_fence":1,"minecraft:redstone_torch":67,"minecraft:oak_log":15,"minecraft:black_concrete":21,"minecraft:sticky_piston":181,"minecraft:red_shulker_box":1,"minecraft:lever":1,"minecraft:honey_block":9,"minecraft:sea_lantern":5,"minecraft:activator_rail":87,"minecraft:warped_trapdoor":4,"minecraft:stripped_jungle_log":3,"minecraft:gray_shulker_box":2,"minecraft:quartz_slab":22,"minecraft:spruce_button":9,"minecraft:polished_blackstone_brick_wall":3,"minecraft:string":6,"minecraft:slime_block":20,"minecraft:oak_button":1,"minecraft:stone_button":26,"minecraft:orange_shulker_box":1,"minecraft:warped_nylium":1,"minecraft:spruce_trapdoor":53,"minecraft:diorite_wall":1,"minecraft:hopper_minecart":28,"minecraft:prismarine_wall":3,"minecraft:barrel":27,"minecraft:item_frame":1,"minecraft:bedrock":1,"minecraft:repeater":214,"minecraft:glowstone":5,"minecraft:brown_carpet":16,"minecraft:redstone_lamp":40,"minecraft:gray_glazed_terracotta":26,"minecraft:written_book":2,"minecraft:iron_trapdoor":4,"minecraft:furnace":1,"minecraft:white_stained_glass":265,"minecraft:pink_shulker_box":1,"minecraft:polished_blackstone_button":1,"minecraft:chest_minecart":1,"minecraft:white_concrete":1361,"minecraft:acacia_planks":1,"minecraft:observer":474}},"DataVersion":2567}